<?xml version='1.0' encoding='UTF-8'?>
<faces-config version="1.2" 
    xmlns="http://java.sun.com/xml/ns/javaee" 
    xmlns:xsi="http://www.w3.org/2001/XMLSchema-instance" 
    xsi:schemaLocation="http://java.sun.com/xml/ns/javaee http://java.sun.com/xml/ns/javaee/web-facesconfig_1_2.xsd">
    <application>
        <view-handler>com.sun.facelets.FaceletViewHandler</view-handler>
    </application>
    <managed-bean>
        <managed-bean-name>validatorExample</managed-bean-name>
        <managed-bean-class>com.captcha.botdetect.examples.jsf.validator.view.ValidatorExample</managed-bean-class>
        <managed-bean-scope>request</managed-bean-scope>
    </managed-bean>
    
    <validator>
        <validator-id>exampleValidator</validator-id>
        <validator-class>com.captcha.botdetect.examples.jsf.validator.ExampleValidator</validator-class>
    </validator>
</faces-config>
