<beans:beans xmlns="http://www.springframework.org/schema/security"
             xmlns:beans="http://www.springframework.org/schema/beans"
             xmlns:xsi="http://www.w3.org/2001/XMLSchema-instance"
             xsi:schemaLocation="http://www.springframework.org/schema/beans
                                http://www.springframework.org/schema/beans/spring-beans-4.3.xsd
                                http://www.springframework.org/schema/security
                                http://www.springframework.org/schema/security/spring-security-4.2.xsd">

    <http auto-config="true" use-expressions="false">
        
        <custom-filter ref="captchaFilter" before="FORM_LOGIN_FILTER"/>

        <intercept-url pattern="/admin**" access="ROLE_USER" />
		
        <form-login 
            login-page="/login" 
            default-target-url="/admin" 
            authentication-failure-url="/login?error" 
            />
                <logout logout-success-url="/login?logout" />
        <!-- enable csrf protection -->
        <csrf/>
    </http>

    <authentication-manager>
        <authentication-provider>
            <user-service>
                <user name="captcha" password="captcha" authorities="ROLE_USER" />
            </user-service>
        </authentication-provider>
    </authentication-manager>
    <beans:bean id="captchaFilter" class="com.captcha.botdetect.examples.springmvc.security.filter.CaptchaFilter"/>
</beans:beans>