<?xml version="1.0" encoding="UTF-8"?>
<botdetect xmlns="https://captcha.com/schema/java" 
        xmlns:xsi="http://www.w3.org/2001/XMLSchema-instance"
        xsi:schemaLocation="https://captcha.com/schema/java 
            https://captcha.com/schema/java/botdetect-4.0.beta3.7.xsd">

    <captchaStyles>
        <captchaStyle>
            <name>jqueryBasicCaptcha</name>
            <userInputID>userCaptchaInput</userInputID>
            <codeLength>3-5</codeLength>
            <helpLinkMode>IMAGE</helpLinkMode>
        </captchaStyle>
        
        <captchaStyle>
            <name>jqueryFormCaptcha</name>
            <userInputID>userCaptchaInput</userInputID>
            <codeLength>4-6</codeLength>
            <helpLinkMode>IMAGE</helpLinkMode>
        </captchaStyle>
    </captchaStyles>
    
    

</botdetect>
